[
  {
    "file_name": "instagram_videos_raw.json",
    "extraction_date": "2025-11-12T22:43:20.131234Z",
    "extraction_source": "BrightData Web Scraper API (Instagram - Diverse)",
    "total_records": 134,
    "snapshot_ids": [
      "sd_mhwyk6vo1j5fb2ao4s",
      "sd_mhx1jsmgchxx8ocnp",
      "sd_mhwy5t1wjjwx8oqgf",
      "sd_mhwwkx3y2l2b6y0wzw",
      "sd_mhx1p94enaayfp8rq",
      "sd_mhx20khx1lrl492b2x",
      "sd_mhwy15h3296381wxbr",
      "sd_mhx1mi99i8zs4ggio",
      "sd_mhwycip52ikft697jw",
      "sd_mhx16hyx1xzbiewm6y",
      "sd_mhx17vds1g30rgg6og",
      "sd_mhx1z8yf98ei6npnq",
      "sd_mhwy8gl11mxsl3f3gb",
      "sd_mhwyb3rq1ewk58yzy",
      "sd_mhwxs56v1kwae2gps0",
      "sd_mhwvhx1d1yepk533e4",
      "sd_mhwymst926gy8v9n8p",
      "sd_mhx1xma3gdlzixzps",
      "sd_mhwy74tfvql13vs3f",
      "sd_mhwwt5pcimhxj3d4f",
      "sd_mhwy2h872dqbzg9uis",
      "sd_mhx1w9bx2mtokcv5vy",
      "sd_mhwyhg96lt46rdhe3",
      "sd_mhwvkj59pe2m2xxqh",
      "sd_mhwydugc1id8sl5rmo",
      "sd_mhx1ih3qe5jir9pox",
      "sd_mhx1uxtmfh4xv4x5h",
      "sd_mhx1eh1k10zh9ku6h8",
      "sd_mhx1nwbk1ipipt3qae",
      "sd_mhx156g5plbg7gi9p",
      "sd_mhx1aies1ye8ruzwhu",
      "sd_mhwwm9901qkowusalz",
      "sd_mhwxuwtv16cs90fk00",
      "sd_mhx1fu2y2io6h5kkl6",
      "sd_mhwvj7mjyymfehj46",
      "sd_mhwxqtfn2jquxlmi3p",
      "sd_mhx1rw651l28x3p44f",
      "sd_mhx196wp2pribzu4be",
      "sd_mhx1h5kp1weoeb1cbt",
      "sd_mhwy3t0lshwy07tdc",
      "sd_mhx1t7on1ieot1r05p",
      "sd_mhx1qko01lre82i6nx",
      "sd_mhwwrlt41onkiagm00",
      "sd_mhwyf68kh05uamvey",
      "sd_mhx1l4492o37b5bzqc",
      "sd_mhwwq9ohxyi6nt4r2",
      "sd_mhwwnle311vncjksa",
      "sd_mhwxztpo8i3p0d8n8",
      "sd_mhwwoxi9231rr3le6g",
      "sd_mhwyiv4f56xizzc6u",
      "sd_mhx1d5jem3omora13",
      "sd_mhwwvusbd711631im",
      "sd_mhwwuhuq2778lmj4ub",
      "sd_mhx1bu0i2bj1fdy5uf",
      "sd_mhwxwh702i2thxb9e"
    ],
    "quality_gates": {
      "total_collected": 385,
      "after_dedup": 385,
      "after_diversity_filter": 134,
      "unique_creators": 41,
      "max_reels_per_creator": 5
    },
    "checkpoint_metadata": {
      "checkpoint_name": "CHECKPOINT_05_INSTAGRAM_EXTRACTION",
      "checkpoint_date": "2025-11-12T22:43:20.131245Z",
      "checkpoint_status": "COMPLETE",
      "validation_passed": false,
      "next_checkpoint": "CHECKPOINT_05_INSTAGRAM_VALIDATION",
      "data_source": "REAL - BrightData API (Diversity Filtered)"
    },
    "audit_trail": {
      "data_source": "BrightData Web Scraper API",
      "api_endpoint": "https://api.brightdata.com/datasets/v3",
      "dataset_id": "gd_lyclm20il4r5helnj",
      "collection_method": "Profile scraping with diversity filter",
      "diversity_strategy": "Max 5 reels per creator",
      "each_video_traceable": "Yes - all reels have shortcode, user, url",
      "verification_url_format": "https://www.instagram.com/reel/{shortcode}/"
    },
    "platform": "instagram",
    "collection_wave": "wave_1_initial",
    "collection_date": "2024-11-12"
  }
]