{
  "pipeline_metadata": {
    "version": "1.0",
    "created_date": "2025-11-12T16:30:00Z",
    "created_by": "Claude Code - Data Pipeline",
    "purpose": "Define scope parameters for garage organizer data collection",
    "checkpoint": "CHECKPOINT_01_COMPLETE",
    "execution_status": "COMPLETE"
  },

  "reddit": {
    "keywords": [
      "garage organization",
      "garage storage",
      "garage shelving",
      "organizing garage",
      "wall storage",
      "garage hooks",
      "garage racks",
      "DIY garage",
      "garage setup",
      "ceiling storage"
    ],
    "subreddits": [
      "r/DIY",
      "r/HomeImprovement",
      "r/organization",
      "r/organizing",
      "r/InteriorDesign"
    ],
    "date_range": {
      "start": "2023-01-01",
      "end": "2025-11-12"
    },
    "minimum_score": 5,
    "sample_size_target": {
      "posts": "1200-1500",
      "quality_threshold": "95% with text >20 chars"
    }
  },

  "youtube": {
    "keywords": [
      "garage organization",
      "garage storage",
      "garage shelving",
      "garage shelves DIY",
      "garage organization system",
      "garage setup",
      "how to organize garage",
      "garage storage ideas",
      "garage tour",
      "garage makeover"
    ],
    "date_range": {
      "start": "2021-01-01",
      "end": "2025-11-12"
    },
    "video_duration_seconds": {
      "min": 180,
      "max": 1800
    },
    "minimum_view_count": 100,
    "caption_preference": "transcripts_or_autogenerated",
    "sample_size_target": {
      "videos": "500",
      "quality_threshold": "90% with usable transcripts"
    },
    "bright_data": {
      "enabled": true,
      "budget_available": true,
      "note": "Use Bright Data if needed for API limits or scraping"
    }
  },

  "tiktok": {
    "keywords": [
      "garage organization",
      "garage storage",
      "garage makeover",
      "garage tour",
      "organize with me garage",
      "garage DIY",
      "garage setup",
      "garage organizing tips",
      "garage transformation",
      "garage hacks"
    ],
    "date_range": {
      "start": "2022-01-01",
      "end": "2025-11-12"
    },
    "video_duration_seconds": {
      "min": 15,
      "max": 600
    },
    "minimum_view_count": 100,
    "sample_size_target": {
      "videos": "500",
      "quality_threshold": "90% with usable captions/transcripts"
    },
    "bright_data": {
      "enabled": true,
      "budget_available": true,
      "note": "Use Bright Data if needed for API limits or scraping"
    }
  },

  "instagram_reels": {
    "keywords": [
      "garage organization",
      "garage storage",
      "garage makeover",
      "garage tour",
      "organize with me",
      "garage DIY",
      "garage setup",
      "garage organizing",
      "garage transformation",
      "home organization garage"
    ],
    "date_range": {
      "start": "2022-01-01",
      "end": "2025-11-12"
    },
    "video_duration_seconds": {
      "min": 15,
      "max": 90
    },
    "minimum_view_count": 100,
    "sample_size_target": {
      "videos": "500",
      "quality_threshold": "90% with usable captions/transcripts"
    },
    "bright_data": {
      "enabled": true,
      "budget_available": true,
      "note": "Use Bright Data if needed for API limits or scraping"
    }
  },

  "products": {
    "retailers": {
      "walmart": {
        "url": "walmart.com",
        "target_count": "3000-4000"
      },
      "home_depot": {
        "url": "homedepot.com",
        "target_count": "1000-1500"
      },
      "amazon": {
        "url": "amazon.com",
        "target_count": "1000-1500"
      },
      "lowes": {
        "url": "lowes.com",
        "target_count": "800-1000"
      },
      "target": {
        "url": "target.com",
        "target_count": "400-600"
      },
      "etsy": {
        "url": "etsy.com",
        "target_count": "200-400"
      }
    },
    "categories": [
      "Shelving units",
      "Wall-mounted storage",
      "Hooks and hangers",
      "Ceiling storage",
      "Cabinets and chests",
      "Organization systems"
    ],
    "data_per_product": [
      "product_name",
      "retailer",
      "product_url",
      "price",
      "customer_rating",
      "review_count",
      "category",
      "availability"
    ],
    "sample_size_target": {
      "total_products": "7000-10000",
      "completeness_threshold": "90% have price"
    }
  },

  "analysis": {
    "pain_point_categories": {
      "installation_barrier": "Difficulty, time, complexity",
      "weight_failure": "Collapse, weight limit, structural failure",
      "adhesive_failure": "Tape/adhesive not holding",
      "rust_durability": "Rust, corrosion, material quality",
      "capacity_mismatch": "Space, volume, usable area",
      "aesthetic_concern": "Appearance, design, visibility",
      "cost_concern": "Price, value, expensiveness"
    },
    "behavioral_categories": {
      "frustration_trigger": "Events that cause frustration",
      "seasonal_driver": "Seasonal motivation",
      "life_change_trigger": "Major life event",
      "research_method": "How consumers research",
      "purchase_influencer": "What influences purchase",
      "followon_purchase": "Buying related products"
    },
    "sample_size_target": {
      "records_to_code": "2000-3000",
      "inter_rater_reliability_threshold": 0.85,
      "verification_sample_percent": 10
    }
  },

  "quality_gates": {
    "reddit_completeness": "98%+ have URLs",
    "youtube_completeness": "90%+ have transcripts",
    "tiktok_completeness": "90%+ have captions/transcripts",
    "instagram_completeness": "90%+ have captions/transcripts",
    "product_completeness": "90%+ have prices",
    "analysis_reliability": "85%+ inter-rater agreement"
  },

  "approval": {
    "status": "APPROVED",
    "approved_by": "Data Pipeline Operator",
    "approved_date": "2025-11-12T16:30:00Z",
    "notes": "Scope definition complete and verified. Ready for Step 02: Extract Reddit."
  },

  "checkpoint_metadata": {
    "checkpoint_name": "CHECKPOINT_01_SCOPE_DEFINITION",
    "checkpoint_date": "2025-11-12T16:30:00Z",
    "checkpoint_status": "COMPLETE",
    "files_created": [
      "scope_definition.json"
    ],
    "validation_passed": true,
    "next_checkpoint": "CHECKPOINT_02_REDDIT_EXTRACTION",
    "next_step": "Execute Step 02: Extract Reddit Posts"
  }
}
