[
  {
    "video_id": "7325544212739476766",
    "title": "Renter friendly living room decor! #renterfriendly #livingroomdecor ",
    "url": "https://www.tiktok.com/@siana.v/video/7325544212739476766",
    "channel": "siana.v",
    "views": 808500,
    "likes": 19000,
    "shares": 1102,
    "search_query": "3M Claw",
    "metadata": {
      "collected_at": "2025-11-04T18:40:57.844694",
      "source_file": "outputs/3m_claw_tiktok_apify_20251104_161329.json"
    },
    "platform": "tiktok",
    "collection_wave": "wave_1_initial",
    "collection_date": "2024-11-12"
  },
  {
    "video_id": "6883229094264245509",
    "title": "Yo put some art up! #art #fyp #foryou  #diyhomedecor #homedecor #walldecor #makeover",
    "url": "https://www.tiktok.com/@penniesforafortune/video/6883229094264245509",
    "channel": "penniesforafortune",
    "views": 20900,
    "likes": 883,
    "shares": 51,
    "search_query": "3M Claw hooks",
    "metadata": {
      "collected_at": "2025-11-04T18:40:57.844753",
      "source_file": "outputs/3m_claw_tiktok_apify_20251104_161329.json"
    },
    "platform": "tiktok",
    "collection_wave": "wave_1_initial",
    "collection_date": "2024-11-12"
  },
  {
    "video_id": "7531104190127443231",
    "title": "They\u2019re like command hooks, but like wayyy cuter\ud83d\udc96 and yes, we are still working on the packaging designs \ud83d\ude02 launching soon! \ud83d\udc40 #wallhooks #newproduct #commandhooks #smallbusiness #dormessentials ",
    "url": "https://www.tiktok.com/@wall.candy.shop/video/7531104190127443231",
    "channel": "wall.candy.shop",
    "views": 185500,
    "likes": 5923,
    "shares": 80,
    "search_query": "3M Claw hooks",
    "metadata": {
      "collected_at": "2025-11-04T18:40:57.844759",
      "source_file": "outputs/3m_claw_tiktok_apify_20251104_161329.json"
    },
    "platform": "tiktok",
    "collection_wave": "wave_1_initial",
    "collection_date": "2024-11-12"
  },
  {
    "video_id": "7565088602108071199",
    "title": "Finally\u2026 a corner that actually sparks joy! \u2728\nTurn every forgotten corner into a mini art gallery for your favorite blind box figures \ud83d\udc9b\n\n\u2728 Why You\u2019ll Love It\n\ud83e\uddf8 Fits perfectly into any room corner \u2014 save space, show personality\n\ud83c\udf08 Aesthetic display for blind boxes, mini dolls, and collectibles\n\ud83d\udd27 Easy wall-mount design, no clutter\n\ud83d\udcab Makes your collection look 10x cooler instantly\n\n\ud83d\udcac How do YOU display your blind box figures? Shelf or chaos? \ud83d\ude02\ud83d\udc47\n\n#RoomDecor #ShelfGoals #BlindBoxDisplay #KawaiiRoom #CollectorDisplay #CornerShelf #MiniFigureDisplay #HomeAesthetic #DeskSetup #WallArt #OrganizationGoals #CuteRoomDecor #AestheticStorage #DisplayIdeas #HomeDesign #CreativeStorage #ShelfDecor #RoomInspo #KawaiiHome #CollectibleDisplay",
    "url": "https://www.tiktok.com/@adollshome/video/7565088602108071199",
    "channel": "adollshome",
    "views": 107500,
    "likes": 12600,
    "shares": 3664,
    "search_query": "3M Claw hooks",
    "metadata": {
      "collected_at": "2025-11-04T18:40:57.844763",
      "source_file": "outputs/3m_claw_tiktok_apify_20251104_161329.json"
    },
    "platform": "tiktok",
    "collection_wave": "wave_1_initial",
    "collection_date": "2024-11-12"
  },
  {
    "video_id": "7474316935430229278",
    "title": "I am loving the damage free decorating clips from @Command Brand \ud83d\ude0d I will be using these instead of putting nail holes in the wall. \n\n\u2705 Does not damage wall \n\n\u2705 Very easy to use \n\n\u2705 Sturdy \n\n\u2705 Not noticeable on the wall \n\nMake sure to follow the directions on the packaging. And next time you\u2019re at your local target, grab yourself some! \ud83e\udef6\ud83c\udffb\n\n#commandbrand #command #houseoftiktok #hangingdecoration #hook #decoratingtips #householditems #householdgoods ",
    "url": "https://www.tiktok.com/@chloe.rose050/video/7474316935430229278",
    "channel": "chloe.rose050",
    "views": 3898,
    "likes": 164,
    "shares": 66,
    "search_query": "3M Claw hooks",
    "metadata": {
      "collected_at": "2025-11-04T18:40:57.844768",
      "source_file": "outputs/3m_claw_tiktok_apify_20251104_161329.json"
    },
    "platform": "tiktok",
    "collection_wave": "wave_1_initial",
    "collection_date": "2024-11-12"
  },
  {
    "video_id": "7129506902152678702",
    "title": "You got this!\u2728 #diy #ghettodiy #blackgirldiy #homedecor #commandstrips #househack #renterfriendly #mirror #fyp",
    "url": "https://www.tiktok.com/@babygirljustvibin/video/7129506902152678702",
    "channel": "babygirljustvibin",
    "views": 639900,
    "likes": 5044,
    "shares": 348,
    "search_query": "3M Claw hooks",
    "metadata": {
      "collected_at": "2025-11-04T18:40:57.844774",
      "source_file": "outputs/3m_claw_tiktok_apify_20251104_161329.json"
    },
    "platform": "tiktok",
    "collection_wave": "wave_1_initial",
    "collection_date": "2024-11-12"
  },
  {
    "video_id": "7568547185852157239",
    "title": "Replying to @_dannagalvan I just used some command hooks. #christmaslights #nastolgia #commandhooks ",
    "url": "https://www.tiktok.com/@samantha.b.90/video/7568547185852157239",
    "channel": "samantha.b.90",
    "views": 13700,
    "likes": 339,
    "shares": 35,
    "search_query": "3M Claw hooks",
    "metadata": {
      "collected_at": "2025-11-04T18:40:57.844776",
      "source_file": "outputs/3m_claw_tiktok_apify_20251104_161329.json"
    },
    "platform": "tiktok",
    "collection_wave": "wave_1_initial",
    "collection_date": "2024-11-12"
  },
  {
    "video_id": "7025974874594184454",
    "title": "Quick and easy hack for hanging your garlands. #TheHarderTheyFall #Fyp #frontporchdecor #huntingseason #diyhacks",
    "url": "https://www.tiktok.com/@ainsley_designer.mom/video/7025974874594184454",
    "channel": "ainsley_designer.mom",
    "views": 170700,
    "likes": 2952,
    "shares": 386,
    "search_query": "3M Claw hooks",
    "metadata": {
      "collected_at": "2025-11-04T18:40:57.844784",
      "source_file": "outputs/3m_claw_tiktok_apify_20251104_161329.json"
    },
    "platform": "tiktok",
    "collection_wave": "wave_1_initial",
    "collection_date": "2024-11-12"
  },
  {
    "video_id": "7447396740275227950",
    "title": "The Easiest and Fastest Way to Hang Heavy Things #fyp #viralvideo #lrn2diy #thehonestcarpenter #foryou",
    "url": "https://www.tiktok.com/@lrn2d.us/video/7447396740275227950",
    "channel": "lrn2d.us",
    "views": 9170,
    "likes": 54,
    "shares": 12,
    "search_query": "3M Claw hooks",
    "metadata": {
      "collected_at": "2025-11-04T18:40:57.844788",
      "source_file": "outputs/3m_claw_tiktok_apify_20251104_161329.json"
    },
    "platform": "tiktok",
    "collection_wave": "wave_1_initial",
    "collection_date": "2024-11-12"
  },
  {
    "video_id": "7433582025220672799",
    "title": "It might not be right, but it works\u2026\n@Kiva Brent ",
    "url": "https://www.tiktok.com/@theblissfulbrit/video/7433582025220672799",
    "channel": "theblissfulbrit",
    "views": 927,
    "likes": 9,
    "shares": 0,
    "search_query": "3M Claw hooks",
    "metadata": {
      "collected_at": "2025-11-04T18:40:57.844790",
      "source_file": "outputs/3m_claw_tiktok_apify_20251104_161329.json"
    },
    "platform": "tiktok",
    "collection_wave": "wave_1_initial",
    "collection_date": "2024-11-12"
  },
  {
    "video_id": "7392232746875243784",
    "title": "X\u1ebfp h\u1ea1ng gi\u00e0y c\u1ea7u l\u00f4ng y\u00eau th\u00edch c\u00f9ng Badminton House nh\u00e9 \ud83e\udd29 #badminton #BadmintonHouse #BMH #xuhuong #caulong #review ",
    "url": "https://www.tiktok.com/@badmintonhouse_official/video/7392232746875243784",
    "channel": "badmintonhouse_official",
    "views": 104400,
    "likes": 2417,
    "shares": 30,
    "search_query": "3M Claw review",
    "metadata": {
      "collected_at": "2025-11-04T18:40:57.844836",
      "source_file": "outputs/3m_claw_tiktok_apify_20251104_161329.json"
    },
    "platform": "tiktok",
    "collection_wave": "wave_1_initial",
    "collection_date": "2024-11-12"
  },
  {
    "video_id": "7502196469005356334",
    "title": "#fyp#drywallfinisher ",
    "url": "https://www.tiktok.com/@laplebitamarin/video/7502196469005356334",
    "channel": "laplebitamarin",
    "views": 4600000,
    "likes": 137900,
    "shares": 2154,
    "search_query": "3M Claw drywall",
    "metadata": {
      "collected_at": "2025-11-04T18:40:57.844844",
      "source_file": "outputs/3m_claw_tiktok_apify_20251104_161329.json"
    },
    "platform": "tiktok",
    "collection_wave": "wave_1_initial",
    "collection_date": "2024-11-12"
  },
  {
    "video_id": "7194285199851654405",
    "title": "Happy to help! Let me know what you wanna know! #drywallfinisher #muddingandtaping #drywalltaper #drywallnation #drywallgirl #drywallfinish #drywaller ",
    "url": "https://www.tiktok.com/@ourbarnesyard/video/7194285199851654405",
    "channel": "ourbarnesyard",
    "views": 551700,
    "likes": 19500,
    "shares": 3891,
    "search_query": "3M Claw drywall",
    "metadata": {
      "collected_at": "2025-11-04T18:40:57.844845",
      "source_file": "outputs/3m_claw_tiktok_apify_20251104_161329.json"
    },
    "platform": "tiktok",
    "collection_wave": "wave_1_initial",
    "collection_date": "2024-11-12"
  },
  {
    "video_id": "7462425869546442015",
    "title": "@AVL Drywall LLC showcases their expert craftsmanship using our Z Shadow Bead to create a sleek, modern reveal at the base of the wall. \ud83e\udd29 Talk about quiet luxury achieved through flawless drywall details. \ud83d\ude4c\nHuge thanks to AVL Drywall for sharing their incredible work with us! Be sure to check out more projects on their page!\ud83d\udd25\nLearn what else you can do with Z Shadow Beads on Trim-Tex.com. \ud83d\udee0\n\n#trimtex #trimtexdrywall #drywall #drywaller #drywallpro #drywallfinisher #drywalllife #drywallnation #drywallproducts #toolsofthetrade #drywalltaper #drywallproducts #vinylbead #durable #projectfeature #shadowbead #ledlights #customdesign #precisioncrafted ",
    "url": "https://www.tiktok.com/@trimtex_drywall/video/7462425869546442015",
    "channel": "trimtex_drywall",
    "views": 118400,
    "likes": 327,
    "shares": 32,
    "search_query": "3M Claw drywall",
    "metadata": {
      "collected_at": "2025-11-04T18:40:57.844847",
      "source_file": "outputs/3m_claw_tiktok_apify_20251104_161329.json"
    },
    "platform": "tiktok",
    "collection_wave": "wave_1_initial",
    "collection_date": "2024-11-12"
  },
  {
    "video_id": "7186419685083172138",
    "title": "Hanging #drywall",
    "url": "https://www.tiktok.com/@pritoriahomes/video/7186419685083172138",
    "channel": "pritoriahomes",
    "views": 6300000,
    "likes": 60300,
    "shares": 1569,
    "search_query": "3M Claw drywall",
    "metadata": {
      "collected_at": "2025-11-04T18:40:57.844857",
      "source_file": "outputs/3m_claw_tiktok_apify_20251104_161329.json"
    },
    "platform": "tiktok",
    "collection_wave": "wave_1_initial",
    "collection_date": "2024-11-12"
  },
  {
    "video_id": "7040233952115690799",
    "title": "#drywall#tablaroca#sheetrock#remodelacion#dewalt",
    "url": "https://www.tiktok.com/@kingchr1s/video/7040233952115690799",
    "channel": "kingchr1s",
    "views": 2300000,
    "likes": 31400,
    "shares": 5247,
    "search_query": "3M Claw drywall",
    "metadata": {
      "collected_at": "2025-11-04T18:40:57.844858",
      "source_file": "outputs/3m_claw_tiktok_apify_20251104_161329.json"
    },
    "platform": "tiktok",
    "collection_wave": "wave_1_initial",
    "collection_date": "2024-11-12"
  },
  {
    "video_id": "7190500093106212101",
    "title": "#drywallrepair #drywalllife #diy #wallrepair #mikeholmes #diyjobs ",
    "url": "https://www.tiktok.com/@mikeholmes_official/video/7190500093106212101",
    "channel": "mikeholmes_official",
    "views": 1300000,
    "likes": 27500,
    "shares": 7256,
    "search_query": "3M Claw drywall",
    "metadata": {
      "collected_at": "2025-11-04T18:40:57.844860",
      "source_file": "outputs/3m_claw_tiktok_apify_20251104_161329.json"
    },
    "platform": "tiktok",
    "collection_wave": "wave_1_initial",
    "collection_date": "2024-11-12"
  },
  {
    "video_id": "7564104601226530078",
    "title": "Construcci\u00f3n drywall finisher \ud83e\uddba\ud83d\udc77\u200d\u2642\ufe0ftercera mano a clavos \ud83d\udcaa\ud83c\udffc\ud83d\udd25\ud83d\udd25#drywallfinisher #construction #foryou #finisher #viraltiktok ",
    "url": "https://www.tiktok.com/@jimmyfinisher/video/7564104601226530078",
    "channel": "jimmyfinisher",
    "views": 20000,
    "likes": 190,
    "shares": 19,
    "search_query": "3M Claw drywall",
    "metadata": {
      "collected_at": "2025-11-04T18:40:57.844861",
      "source_file": "outputs/3m_claw_tiktok_apify_20251104_161329.json"
    },
    "platform": "tiktok",
    "collection_wave": "wave_1_initial",
    "collection_date": "2024-11-12"
  },
  {
    "video_id": "7194919958739012906",
    "title": "These expert finishers in Evanston, IL, wowed their clients with this home addition project by constructing gorgeous arched details with our 3/8\" Medium Bullnose (aka 350 Bull) Archway bead. \ud83e\udd29\nWe love this bead's slim, modern look \u2014 it\u2019s bold yet subtle at the same time! \ud83d\ude4c\n \nClick \ud83d\udc49 the link in our bio to read the full story and learn more about this project! \ud83d\udee0\n\n#trimtex #trimtexdrywall #drywall #drywallfinisher #drywaller #drywalllife #drywallnation #drywallproducts #roundedcorners #bullnose #archway  ",
    "url": "https://www.tiktok.com/@trimtex_drywall/video/7194919958739012906",
    "channel": "trimtex_drywall",
    "views": 9579,
    "likes": 74,
    "shares": 3,
    "search_query": "3M Claw drywall",
    "metadata": {
      "collected_at": "2025-11-04T18:40:57.844863",
      "source_file": "outputs/3m_claw_tiktok_apify_20251104_161329.json"
    },
    "platform": "tiktok",
    "collection_wave": "wave_1_initial",
    "collection_date": "2024-11-12"
  },
  {
    "video_id": "7287338473697185030",
    "title": "Parece insignificante y sencillo pero el antes era bastante brosco y el despu\u00e9s ya el lugar tom\u00f3 cierto aspecto sofisticado \ud83d\udc4c\n\n#drywall #drywallfinisher #tablaroca #drywaller #drywallrepair #drywalllife #drywalltaper #drywalltaping #drywallboys #drywallnation #drywallfinish #finisher #yeso #dise\u00f1odeinteriores #decoraciondeinteriores #viral #guerraisraelpalestina #noticia ",
    "url": "https://www.tiktok.com/@arcoverca2.0/video/7287338473697185030",
    "channel": "arcoverca2.0",
    "views": 32800,
    "likes": 553,
    "shares": 158,
    "search_query": "3M Claw drywall",
    "metadata": {
      "collected_at": "2025-11-04T18:40:57.844867",
      "source_file": "outputs/3m_claw_tiktok_apify_20251104_161329.json"
    },
    "platform": "tiktok",
    "collection_wave": "wave_1_initial",
    "collection_date": "2024-11-12"
  },
  {
    "video_id": "7462232659658509575",
    "title": "Sanding a 3.2m drywall corner in 2 sec.",
    "url": "https://www.tiktok.com/@morphtools/video/7462232659658509575",
    "channel": "morphtools",
    "views": 26600,
    "likes": 239,
    "shares": 38,
    "search_query": "3M Claw drywall",
    "metadata": {
      "collected_at": "2025-11-04T18:40:57.844870",
      "source_file": "outputs/3m_claw_tiktok_apify_20251104_161329.json"
    },
    "platform": "tiktok",
    "collection_wave": "wave_1_initial",
    "collection_date": "2024-11-12"
  },
  {
    "video_id": "7167448150372846890",
    "title": "#fyp\u30b7 #construction #drywallfinisher ",
    "url": "https://www.tiktok.com/@anghieboo/video/7167448150372846890",
    "channel": "anghieboo",
    "views": 432800,
    "likes": 13300,
    "shares": 679,
    "search_query": "3M Claw drywall",
    "metadata": {
      "collected_at": "2025-11-04T18:40:57.844872",
      "source_file": "outputs/3m_claw_tiktok_apify_20251104_161329.json"
    },
    "platform": "tiktok",
    "collection_wave": "wave_1_initial",
    "collection_date": "2024-11-12"
  },
  {
    "video_id": "7524525734854020382",
    "title": "How do you coat your 3-ways? #drywall #finisher #drywallfinisher #drywalltools #drywalllife #drywallnation #easy #construction #renovation #mudder #homeimprovement #entrepreneur #howto #diy #tutorial #reels #foryoupage #3way #oddlysatisfying #asmr #fyp",
    "url": "https://www.tiktok.com/@drywall_jesse/video/7524525734854020382",
    "channel": "drywall_jesse",
    "views": 202300,
    "likes": 2408,
    "shares": 141,
    "search_query": "3M Claw drywall",
    "metadata": {
      "collected_at": "2025-11-04T18:40:57.844873",
      "source_file": "outputs/3m_claw_tiktok_apify_20251104_161329.json"
    },
    "platform": "tiktok",
    "collection_wave": "wave_1_initial",
    "collection_date": "2024-11-12"
  },
  {
    "video_id": "7567831127092677902",
    "title": "#drywall #plastering #painting ",
    "url": "https://www.tiktok.com/@masterpainting33/video/7567831127092677902",
    "channel": "masterpainting33",
    "views": 71,
    "likes": 6,
    "shares": 0,
    "search_query": "3M Claw drywall",
    "metadata": {
      "collected_at": "2025-11-04T18:40:57.844875",
      "source_file": "outputs/3m_claw_tiktok_apify_20251104_161329.json"
    },
    "platform": "tiktok",
    "collection_wave": "wave_1_initial",
    "collection_date": "2024-11-12"
  },
  {
    "video_id": "7525619682217610527",
    "title": "My little stomping pro. @charlie #drywall #finisher #drywallfinisher #drywalltools #drywalllife #drywallnation #drywallnerdgang #construction #renovation #mudder #homeimprovement #entrepreneur #howto #diy #tutorial #reels #foryoupage #ceilingtexture #stomptexture #oddlysatisfying #asmr #fyp",
    "url": "https://www.tiktok.com/@drywall_jesse/video/7525619682217610527",
    "channel": "drywall_jesse",
    "views": 118600,
    "likes": 1121,
    "shares": 192,
    "search_query": "3M Claw drywall",
    "metadata": {
      "collected_at": "2025-11-04T18:40:57.844877",
      "source_file": "outputs/3m_claw_tiktok_apify_20251104_161329.json"
    },
    "platform": "tiktok",
    "collection_wave": "wave_1_initial",
    "collection_date": "2024-11-12"
  },
  {
    "video_id": "7457333097131019551",
    "title": "\ud83d\udc77\ud83c\udffb\u200d\u2640\ufe0f\ud83d\ude4f\ud83c\udffc #drywall #drywallfinisher #parati #sue\u00f1oamericano #fyp\u30b7\u309aviral #viraltiktok ",
    "url": "https://www.tiktok.com/@_mich_0313/video/7457333097131019551",
    "channel": "_mich_0313",
    "views": 337700,
    "likes": 18500,
    "shares": 473,
    "search_query": "3M Claw drywall",
    "metadata": {
      "collected_at": "2025-11-04T18:40:57.844879",
      "source_file": "outputs/3m_claw_tiktok_apify_20251104_161329.json"
    },
    "platform": "tiktok",
    "collection_wave": "wave_1_initial",
    "collection_date": "2024-11-12"
  },
  {
    "video_id": "7183752698028690730",
    "title": "Its been a fun few days with lots of sweat equity put into this little house. Can\u2019t wait to see the progress. Follow along for my upcoming remodel that will be done mainly by me and my mom \ud83e\udef6\ud83c\udffc #fyp #remodel #popcornceilingremoval",
    "url": "https://www.tiktok.com/@mariahclarkk/video/7183752698028690730",
    "channel": "mariahclarkk",
    "views": 73000,
    "likes": 1091,
    "shares": 449,
    "search_query": "3M Claw drywall",
    "metadata": {
      "collected_at": "2025-11-04T18:40:57.844881",
      "source_file": "outputs/3m_claw_tiktok_apify_20251104_161329.json"
    },
    "platform": "tiktok",
    "collection_wave": "wave_1_initial",
    "collection_date": "2024-11-12"
  },
  {
    "video_id": "7533691639664086285",
    "title": "Drywallers will love you",
    "url": "https://www.tiktok.com/@fdeflix/video/7533691639664086285",
    "channel": "fdeflix",
    "views": 368400,
    "likes": 6735,
    "shares": 412,
    "search_query": "3M Claw drywall",
    "metadata": {
      "collected_at": "2025-11-04T18:40:57.844883",
      "source_file": "outputs/3m_claw_tiktok_apify_20251104_161329.json"
    },
    "platform": "tiktok",
    "collection_wave": "wave_1_initial",
    "collection_date": "2024-11-12"
  },
  {
    "video_id": "7173463511098543402",
    "title": "Day 3 done and we have finished completely with the finishing and texture today. #mujerfuertesoyyo #mujerdedrywall #drywalllady #drywallfinisher #drywallrepair #constructionlady #constructioncouple #parejasdetiktok #teamsaraviadrywallllc #texturingdrywall ",
    "url": "https://www.tiktok.com/@lareinadelamezcla/video/7173463511098543402",
    "channel": "lareinadelamezcla",
    "views": 299000,
    "likes": 9983,
    "shares": 256,
    "search_query": "3M Claw drywall",
    "metadata": {
      "collected_at": "2025-11-04T18:40:57.844885",
      "source_file": "outputs/3m_claw_tiktok_apify_20251104_161329.json"
    },
    "platform": "tiktok",
    "collection_wave": "wave_1_initial",
    "collection_date": "2024-11-12"
  },
  {
    "video_id": "7437507353882266926",
    "title": "Hi everyone! Happy Friday! #drywall #fyp #stilts ",
    "url": "https://www.tiktok.com/@drywallshorty/video/7437507353882266926",
    "channel": "drywallshorty",
    "views": 2400000,
    "likes": 87700,
    "shares": 12300,
    "search_query": "3M Claw drywall",
    "metadata": {
      "collected_at": "2025-11-04T18:40:57.844887",
      "source_file": "outputs/3m_claw_tiktok_apify_20251104_161329.json"
    },
    "platform": "tiktok",
    "collection_wave": "wave_1_initial",
    "collection_date": "2024-11-12"
  },
  {
    "video_id": "7368957683468160262",
    "title": "#drywall #video #viralvideo #construction ",
    "url": "https://www.tiktok.com/@yarelyclavijo0/video/7368957683468160262",
    "channel": "yarelyclavijo0",
    "views": 122000,
    "likes": 3406,
    "shares": 44,
    "search_query": "3M Claw drywall",
    "metadata": {
      "collected_at": "2025-11-04T18:40:57.844888",
      "source_file": "outputs/3m_claw_tiktok_apify_20251104_161329.json"
    },
    "platform": "tiktok",
    "collection_wave": "wave_1_initial",
    "collection_date": "2024-11-12"
  },
  {
    "video_id": "7552996962845396255",
    "title": "#drywall #hangers #colgadores #clips #drywallfinisher ",
    "url": "https://www.tiktok.com/@alejandrobustamante49/video/7552996962845396255",
    "channel": "alejandrobustamante49",
    "views": 693000,
    "likes": 6923,
    "shares": 524,
    "search_query": "3M Claw drywall",
    "metadata": {
      "collected_at": "2025-11-04T18:40:57.844890",
      "source_file": "outputs/3m_claw_tiktok_apify_20251104_161329.json"
    },
    "platform": "tiktok",
    "collection_wave": "wave_1_initial",
    "collection_date": "2024-11-12"
  },
  {
    "video_id": "7171740576939920667",
    "title": "wall decor hack without any tools and screws \ud83e\udd2b #CommandMadeMeBUYThis #CommandPh #decorhack #roomdecor #fyp ",
    "url": "https://www.tiktok.com/@nickymerilo/video/7171740576939920667",
    "channel": "nickymerilo",
    "views": 180500,
    "likes": 2709,
    "shares": 83,
    "search_query": "3M Claw hanger",
    "metadata": {
      "collected_at": "2025-11-04T18:40:57.844896",
      "source_file": "outputs/3m_claw_tiktok_apify_20251104_161329.json"
    },
    "platform": "tiktok",
    "collection_wave": "wave_1_initial",
    "collection_date": "2024-11-12"
  },
  {
    "video_id": "7471332400308456712",
    "title": "\ud83d\ude80 Maximize your closet space with this 9-in-1 hanger! \ud83d\udca1 Perfect for keeping everything organized and saving space. Say goodbye to clutter and hello to efficiency! \ud83c\udf1f #SpaceSaver #OrganizationHacks #ClosetGoals #Viral #Australia #homedecor ",
    "url": "https://www.tiktok.com/@slimhangg/video/7471332400308456712",
    "channel": "slimhangg",
    "views": 17100,
    "likes": 107,
    "shares": 132,
    "search_query": "3M Claw hanger",
    "metadata": {
      "collected_at": "2025-11-04T18:40:57.844903",
      "source_file": "outputs/3m_claw_tiktok_apify_20251104_161329.json"
    },
    "platform": "tiktok",
    "collection_wave": "wave_1_initial",
    "collection_date": "2024-11-12"
  },
  {
    "video_id": "7479985701744987438",
    "title": "Do you know anyone who needs this? \ud83d\ude31 it\u2019s so useful especially if you have a small apartment #collegedorm #smallapartment #closetcleanout #closetorganization #homeimprovement #homedecor #savespace #clothes #clotheshanger #foldablehanger ",
    "url": "https://www.tiktok.com/@nexovashop/video/7479985701744987438",
    "channel": "nexovashop",
    "views": 43300,
    "likes": 209,
    "shares": 118,
    "search_query": "3M Claw hanger",
    "metadata": {
      "collected_at": "2025-11-04T18:40:57.844910",
      "source_file": "outputs/3m_claw_tiktok_apify_20251104_161329.json"
    },
    "platform": "tiktok",
    "collection_wave": "wave_1_initial",
    "collection_date": "2024-11-12"
  },
  {
    "video_id": "7525024803577695510",
    "title": "Improve your closet organization with our 360\u00b0 rotating clothes hanger, allowing you to hang and access clothes easily.#DIY #Wardrobe",
    "url": "https://www.tiktok.com/@sweetawm410/video/7525024803577695510",
    "channel": "sweetawm410",
    "views": 210100,
    "likes": 961,
    "shares": 155,
    "search_query": "3M Claw hanger",
    "metadata": {
      "collected_at": "2025-11-04T18:40:57.844917",
      "source_file": "outputs/3m_claw_tiktok_apify_20251104_161329.json"
    },
    "platform": "tiktok",
    "collection_wave": "wave_1_initial",
    "collection_date": "2024-11-12"
  },
  {
    "video_id": "7567457500119698719",
    "title": "Ese maistro amenecio bien jalado #hangers #clavos #clips #colgadores #drywall ",
    "url": "https://www.tiktok.com/@alejandrobustamante49/video/7567457500119698719",
    "channel": "alejandrobustamante49",
    "views": 14800,
    "likes": 336,
    "shares": 23,
    "search_query": "claw drywall hanger",
    "metadata": {
      "collected_at": "2025-11-04T18:40:57.844919",
      "source_file": "outputs/3m_claw_tiktok_apify_20251104_161329.json"
    },
    "platform": "tiktok",
    "collection_wave": "wave_1_initial",
    "collection_date": "2024-11-12"
  },
  {
    "video_id": "7560784560649178398",
    "title": "#hangers #clavos #colgadores #drywall ",
    "url": "https://www.tiktok.com/@alejandrobustamante49/video/7560784560649178398",
    "channel": "alejandrobustamante49",
    "views": 132300,
    "likes": 678,
    "shares": 65,
    "search_query": "claw drywall hanger",
    "metadata": {
      "collected_at": "2025-11-04T18:40:57.844921",
      "source_file": "outputs/3m_claw_tiktok_apify_20251104_161329.json"
    },
    "platform": "tiktok",
    "collection_wave": "wave_1_initial",
    "collection_date": "2024-11-12"
  },
  {
    "video_id": "7568638552607575326",
    "title": "Respuesta a @Daniel #hangers #clavos #clips #colgadores #drywall ",
    "url": "https://www.tiktok.com/@alejandrobustamante49/video/7568638552607575326",
    "channel": "alejandrobustamante49",
    "views": 1883,
    "likes": 23,
    "shares": 0,
    "search_query": "claw drywall hanger",
    "metadata": {
      "collected_at": "2025-11-04T18:40:57.844922",
      "source_file": "outputs/3m_claw_tiktok_apify_20251104_161329.json"
    },
    "platform": "tiktok",
    "collection_wave": "wave_1_initial",
    "collection_date": "2024-11-12"
  },
  {
    "video_id": "7452922427010534686",
    "title": "\u2705\ud83d\udd25\ud83e\udd18\ud83c\udffb\ud83c\uddec\ud83c\uddf9\ud83c\uddfa\ud83c\uddf8Easy money!\ud83d\udd25\ud83e\udd18\ud83c\udffb\ud83c\uddec\ud83c\uddf9\ud83c\uddfa\ud83c\uddf8\u2705#viral #unitedstates #construction #drywall #work #deywallrepair #guatemala\ud83c\uddec\ud83c\uddf9 #chirroqueroschapines ",
    "url": "https://www.tiktok.com/@kalilo1997/video/7452922427010534686",
    "channel": "kalilo1997",
    "views": 65600,
    "likes": 1374,
    "shares": 21,
    "search_query": "claw drywall hanger",
    "metadata": {
      "collected_at": "2025-11-04T18:40:57.844924",
      "source_file": "outputs/3m_claw_tiktok_apify_20251104_161329.json"
    },
    "platform": "tiktok",
    "collection_wave": "wave_1_initial",
    "collection_date": "2024-11-12"
  },
  {
    "video_id": "7533270661796597047",
    "title": "We make it look easy \ud83d\ude05\n#drywallhanger #drywall #chirrokeros #sheetrock #trabajos ",
    "url": "https://www.tiktok.com/@j3ssigonzalez/video/7533270661796597047",
    "channel": "j3ssigonzalez",
    "views": 13600,
    "likes": 222,
    "shares": 28,
    "search_query": "claw drywall hanger",
    "metadata": {
      "collected_at": "2025-11-04T18:40:57.844926",
      "source_file": "outputs/3m_claw_tiktok_apify_20251104_161329.json"
    },
    "platform": "tiktok",
    "collection_wave": "wave_1_initial",
    "collection_date": "2024-11-12"
  },
  {
    "video_id": "7519574627597700407",
    "title": "#drywall #hangers #construccion #constructionlife #chilango #construction @Miguel Gonz\u00e1lez ",
    "url": "https://www.tiktok.com/@eagm0424/video/7519574627597700407",
    "channel": "eagm0424",
    "views": 22000,
    "likes": 205,
    "shares": 151,
    "search_query": "claw drywall hanger",
    "metadata": {
      "collected_at": "2025-11-04T18:40:57.844928",
      "source_file": "outputs/3m_claw_tiktok_apify_20251104_161329.json"
    },
    "platform": "tiktok",
    "collection_wave": "wave_1_initial",
    "collection_date": "2024-11-12"
  },
  {
    "video_id": "7322495473074490670",
    "title": "You\u2019re wrong about drywall anchors \ud83e\udd2f Hang things where you WANT not where you have to \u270c\ufe0f\n\nThese anchors from E-Z Ancor can hold me a foot away from the wall and didn\u2019t break a sweat!\n\n#drywallanchors #ezancor #floatingshelves #floatingshelf #shelfdecor #decorideas #diyshelves #diyfloatingshelves ",
    "url": "https://www.tiktok.com/@theweekendbuilder/video/7322495473074490670",
    "channel": "theweekendbuilder",
    "views": 2400000,
    "likes": 96700,
    "shares": 8784,
    "search_query": "claw drywall hanger",
    "metadata": {
      "collected_at": "2025-11-04T18:40:57.844930",
      "source_file": "outputs/3m_claw_tiktok_apify_20251104_161329.json"
    },
    "platform": "tiktok",
    "collection_wave": "wave_1_initial",
    "collection_date": "2024-11-12"
  },
  {
    "video_id": "7491083517980314911",
    "title": "#drywall #hangers #colgadores #drywallfinisher #clips ",
    "url": "https://www.tiktok.com/@alejandrobustamante49/video/7491083517980314911",
    "channel": "alejandrobustamante49",
    "views": 9045,
    "likes": 76,
    "shares": 6,
    "search_query": "claw drywall hanger",
    "metadata": {
      "collected_at": "2025-11-04T18:40:57.844932",
      "source_file": "outputs/3m_claw_tiktok_apify_20251104_161329.json"
    },
    "platform": "tiktok",
    "collection_wave": "wave_1_initial",
    "collection_date": "2024-11-12"
  },
  {
    "video_id": "7558551534137527582",
    "title": "#hangers #clavos #drywallfinisher #drywall #colgadores ",
    "url": "https://www.tiktok.com/@alejandrobustamante49/video/7558551534137527582",
    "channel": "alejandrobustamante49",
    "views": 14400,
    "likes": 161,
    "shares": 62,
    "search_query": "claw drywall hanger",
    "metadata": {
      "collected_at": "2025-11-04T18:40:57.844934",
      "source_file": "outputs/3m_claw_tiktok_apify_20251104_161329.json"
    },
    "platform": "tiktok",
    "collection_wave": "wave_1_initial",
    "collection_date": "2024-11-12"
  },
  {
    "video_id": "7556091482218843423",
    "title": "#hangers #clavos #drywallfinisher #drywall #colgadores ",
    "url": "https://www.tiktok.com/@alejandrobustamante49/video/7556091482218843423",
    "channel": "alejandrobustamante49",
    "views": 5549,
    "likes": 62,
    "shares": 9,
    "search_query": "claw drywall hanger",
    "metadata": {
      "collected_at": "2025-11-04T18:40:57.844935",
      "source_file": "outputs/3m_claw_tiktok_apify_20251104_161329.json"
    },
    "platform": "tiktok",
    "collection_wave": "wave_1_initial",
    "collection_date": "2024-11-12"
  },
  {
    "video_id": "7555896509607202079",
    "title": "#hangers #clavos #drywallfinisher #drywall #colgadores ",
    "url": "https://www.tiktok.com/@alejandrobustamante49/video/7555896509607202079",
    "channel": "alejandrobustamante49",
    "views": 2852,
    "likes": 10,
    "shares": 2,
    "search_query": "claw drywall hanger",
    "metadata": {
      "collected_at": "2025-11-04T18:40:57.844937",
      "source_file": "outputs/3m_claw_tiktok_apify_20251104_161329.json"
    },
    "platform": "tiktok",
    "collection_wave": "wave_1_initial",
    "collection_date": "2024-11-12"
  },
  {
    "video_id": "7553317470036151582",
    "title": "#drywall #hangers #colgadores #clips #drywallfinisher ",
    "url": "https://www.tiktok.com/@alejandrobustamante49/video/7553317470036151582",
    "channel": "alejandrobustamante49",
    "views": 12100,
    "likes": 128,
    "shares": 11,
    "search_query": "claw drywall hanger",
    "metadata": {
      "collected_at": "2025-11-04T18:40:57.844938",
      "source_file": "outputs/3m_claw_tiktok_apify_20251104_161329.json"
    },
    "platform": "tiktok",
    "collection_wave": "wave_1_initial",
    "collection_date": "2024-11-12"
  },
  {
    "video_id": "7445733644385324334",
    "title": "#drywall#hanger",
    "url": "https://www.tiktok.com/@drywallercris/video/7445733644385324334",
    "channel": "drywallercris",
    "views": 272200,
    "likes": 1445,
    "shares": 127,
    "search_query": "claw drywall hanger",
    "metadata": {
      "collected_at": "2025-11-04T18:40:57.844940",
      "source_file": "outputs/3m_claw_tiktok_apify_20251104_161329.json"
    },
    "platform": "tiktok",
    "collection_wave": "wave_1_initial",
    "collection_date": "2024-11-12"
  },
  {
    "video_id": "7547099163540917535",
    "title": "#drywall #hangers #colgadores #drywallfinisher #clips ",
    "url": "https://www.tiktok.com/@alejandrobustamante49/video/7547099163540917535",
    "channel": "alejandrobustamante49",
    "views": 11700,
    "likes": 151,
    "shares": 14,
    "search_query": "claw drywall hanger",
    "metadata": {
      "collected_at": "2025-11-04T18:40:57.844941",
      "source_file": "outputs/3m_claw_tiktok_apify_20251104_161329.json"
    },
    "platform": "tiktok",
    "collection_wave": "wave_1_initial",
    "collection_date": "2024-11-12"
  },
  {
    "video_id": "7515511785378614558",
    "title": "#drywall #hangers #colgadores #drywallfinisher ",
    "url": "https://www.tiktok.com/@alejandrobustamante49/video/7515511785378614558",
    "channel": "alejandrobustamante49",
    "views": 13700,
    "likes": 201,
    "shares": 8,
    "search_query": "claw drywall hanger",
    "metadata": {
      "collected_at": "2025-11-04T18:40:57.844943",
      "source_file": "outputs/3m_claw_tiktok_apify_20251104_161329.json"
    },
    "platform": "tiktok",
    "collection_wave": "wave_1_initial",
    "collection_date": "2024-11-12"
  },
  {
    "video_id": "7528838576008727838",
    "title": "#drywall #hangers #colgadores #clips #drywallfinisher ",
    "url": "https://www.tiktok.com/@alejandrobustamante49/video/7528838576008727838",
    "channel": "alejandrobustamante49",
    "views": 1171,
    "likes": 16,
    "shares": 6,
    "search_query": "claw drywall hanger",
    "metadata": {
      "collected_at": "2025-11-04T18:40:57.844944",
      "source_file": "outputs/3m_claw_tiktok_apify_20251104_161329.json"
    },
    "platform": "tiktok",
    "collection_wave": "wave_1_initial",
    "collection_date": "2024-11-12"
  },
  {
    "video_id": "7197112915458051370",
    "title": "#drywallhanger #sheetrock #hanging #working #newconstruction #sheetrockhanger #artisanfrontier #timelaps #fyp #foryou ",
    "url": "https://www.tiktok.com/@artisanfrontier/video/7197112915458051370",
    "channel": "artisanfrontier",
    "views": 109800,
    "likes": 1439,
    "shares": 48,
    "search_query": "claw drywall hanger",
    "metadata": {
      "collected_at": "2025-11-04T18:40:57.844946",
      "source_file": "outputs/3m_claw_tiktok_apify_20251104_161329.json"
    },
    "platform": "tiktok",
    "collection_wave": "wave_1_initial",
    "collection_date": "2024-11-12"
  },
  {
    "video_id": "7538142301189672205",
    "title": "#drywall #sheetrock #constructionlife #hanger #contenido ",
    "url": "https://www.tiktok.com/@stephanylopez238/video/7538142301189672205",
    "channel": "stephanylopez238",
    "views": 31800,
    "likes": 1181,
    "shares": 55,
    "search_query": "claw drywall hanger",
    "metadata": {
      "collected_at": "2025-11-04T18:40:57.844947",
      "source_file": "outputs/3m_claw_tiktok_apify_20251104_161329.json"
    },
    "platform": "tiktok",
    "collection_wave": "wave_1_initial",
    "collection_date": "2024-11-12"
  },
  {
    "video_id": "7487243481241505054",
    "title": "#drywall #hangers #colgadores #drywallfinisher #clips ",
    "url": "https://www.tiktok.com/@alejandrobustamante49/video/7487243481241505054",
    "channel": "alejandrobustamante49",
    "views": 11300,
    "likes": 177,
    "shares": 38,
    "search_query": "claw drywall hanger",
    "metadata": {
      "collected_at": "2025-11-04T18:40:57.844949",
      "source_file": "outputs/3m_claw_tiktok_apify_20251104_161329.json"
    },
    "platform": "tiktok",
    "collection_wave": "wave_1_initial",
    "collection_date": "2024-11-12"
  },
  {
    "video_id": "7567173564554693919",
    "title": "#drywallfinisher #drywallhanger #teiperos #drywall #teiperos ",
    "url": "https://www.tiktok.com/@javii24_/video/7567173564554693919",
    "channel": "javii24_",
    "views": 289,
    "likes": 18,
    "shares": 7,
    "search_query": "claw drywall hanger",
    "metadata": {
      "collected_at": "2025-11-04T18:40:57.844950",
      "source_file": "outputs/3m_claw_tiktok_apify_20251104_161329.json"
    },
    "platform": "tiktok",
    "collection_wave": "wave_1_initial",
    "collection_date": "2024-11-12"
  },
  {
    "video_id": "7480649815303523626",
    "title": "Otra casa m\u00e1s!\n\n#chirrokeros #chirroqueando #hangingdrywall #drywallhanger #trabajo #work #fyp #foryou #parati #drywall #sheetrock #construction #mexican ",
    "url": "https://www.tiktok.com/@j3ssigonzalez/video/7480649815303523626",
    "channel": "j3ssigonzalez",
    "views": 136000,
    "likes": 1727,
    "shares": 55,
    "search_query": "claw drywall hanger",
    "metadata": {
      "collected_at": "2025-11-04T18:40:57.844952",
      "source_file": "outputs/3m_claw_tiktok_apify_20251104_161329.json"
    },
    "platform": "tiktok",
    "collection_wave": "wave_1_initial",
    "collection_date": "2024-11-12"
  },
  {
    "video_id": "7390456289396018463",
    "title": "\ud83c\uddf2\ud83c\uddfd\ud83c\uddfa\ud83c\uddf8#fyp #construction #sheetrock #drywall #hanger #fyp #fyp\u30b7\u309aviral #shetrokeros #chirrokeros #\ud83c\uddf2\ud83c\uddfd\ud83c\uddfa\ud83c\uddf8 ",
    "url": "https://www.tiktok.com/@jadegabrielg/video/7390456289396018463",
    "channel": "jadegabrielg",
    "views": 945500,
    "likes": 14900,
    "shares": 647,
    "search_query": "claw drywall hanger",
    "metadata": {
      "collected_at": "2025-11-04T18:40:57.844954",
      "source_file": "outputs/3m_claw_tiktok_apify_20251104_161329.json"
    },
    "platform": "tiktok",
    "collection_wave": "wave_1_initial",
    "collection_date": "2024-11-12"
  },
  {
    "video_id": "7098523250317151494",
    "title": "#playroomdesigner #kidsroomdesigner #hanginghack #picturehanginghack #homeartgallery #homehacks101 #walldecorideas #walldecordiy #walldecorhack #kidsroomideas #kidsroominspo #playroomideas #playroomgoals #playroomdesign #parentsoftiktok #kidsartworkdisplay #kidsartwork #myhgtv #housetohome #makehomeyours #cornerofmyhome #beforeandafterhomeedition #hometipsandtricks #adorablehometips #organizedhomes #kidsplayroom #decorforkids",
    "url": "https://www.tiktok.com/@beinwonderdesign/video/7098523250317151494",
    "channel": "beinwonderdesign",
    "views": 26200,
    "likes": 171,
    "shares": 10,
    "search_query": "3M picture hanger",
    "metadata": {
      "collected_at": "2025-11-04T18:40:57.844967",
      "source_file": "outputs/3m_claw_tiktok_apify_20251104_161329.json"
    },
    "platform": "tiktok",
    "collection_wave": "wave_1_initial",
    "collection_date": "2024-11-12"
  },
  {
    "video_id": "7012807323122994437",
    "title": "Keep your WFH desk clear of clutter! #FlauntItChallenge #organization #wfh #clutterfree #officehacks",
    "url": "https://www.tiktok.com/@dadthreads/video/7012807323122994437",
    "channel": "dadthreads",
    "views": 7647,
    "likes": 65,
    "shares": 3,
    "search_query": "3M picture hanger",
    "metadata": {
      "collected_at": "2025-11-04T18:40:57.844977",
      "source_file": "outputs/3m_claw_tiktok_apify_20251104_161329.json"
    },
    "platform": "tiktok",
    "collection_wave": "wave_1_initial",
    "collection_date": "2024-11-12"
  },
  {
    "video_id": "7089971425427180846",
    "title": "3 Easy steps to keeps your picture frames level\u2026\ud83d\uddbc #gallerywall #pictureframes #picturehanging #protip #art #frames",
    "url": "https://www.tiktok.com/@framemastermer/video/7089971425427180846",
    "channel": "framemastermer",
    "views": 9630,
    "likes": 83,
    "shares": 2,
    "search_query": "3M picture hanger",
    "metadata": {
      "collected_at": "2025-11-04T18:40:57.844978",
      "source_file": "outputs/3m_claw_tiktok_apify_20251104_161329.json"
    },
    "platform": "tiktok",
    "collection_wave": "wave_1_initial",
    "collection_date": "2024-11-12"
  },
  {
    "video_id": "7356578846298131719",
    "title": "Replying to @Clewx this is how i hang picture frames without damaging the wall. #artprints #walldecor #homedecor #interiordesign #interiorinspo #interiorstyling #livingroominspiration ",
    "url": "https://www.tiktok.com/@zawirasyraf/video/7356578846298131719",
    "channel": "zawirasyraf",
    "views": 923900,
    "likes": 23100,
    "shares": 4086,
    "search_query": "3M picture hanger",
    "metadata": {
      "collected_at": "2025-11-04T18:40:57.844980",
      "source_file": "outputs/3m_claw_tiktok_apify_20251104_161329.json"
    },
    "platform": "tiktok",
    "collection_wave": "wave_1_initial",
    "collection_date": "2024-11-12"
  },
  {
    "video_id": "7441452833540705582",
    "title": "Here is thr L!nk - https://urlgeni.us/amazon/easyhang\n\nThe easiest way to hang a picture frame! No tools required!\n\nJust push, turn and hang!\nHolds up to 100 lbs with less damage to your walls!\n\n#amazonfinds #amazonhome #amazonmusthaves #homehacks ",
    "url": "https://www.tiktok.com/@jodie.thedesigntwins/video/7441452833540705582",
    "channel": "jodie.thedesigntwins",
    "views": 75000,
    "likes": 820,
    "shares": 188,
    "search_query": "3M picture hanger",
    "metadata": {
      "collected_at": "2025-11-04T18:40:57.844982",
      "source_file": "outputs/3m_claw_tiktok_apify_20251104_161329.json"
    },
    "platform": "tiktok",
    "collection_wave": "wave_1_initial",
    "collection_date": "2024-11-12"
  },
  {
    "video_id": "7471045727456595231",
    "title": "Is this the PERFECT picture hanging kit?! \ud83e\udd14 #picturehanging #picturehanginghack #hangingpictures #gohangit #ourfavoritefinds ",
    "url": "https://www.tiktok.com/@ourfavoritefinds/video/7471045727456595231",
    "channel": "ourfavoritefinds",
    "views": 1000000,
    "likes": 17900,
    "shares": 5472,
    "search_query": "3M picture hanger",
    "metadata": {
      "collected_at": "2025-11-04T18:40:57.844984",
      "source_file": "outputs/3m_claw_tiktok_apify_20251104_161329.json"
    },
    "platform": "tiktok",
    "collection_wave": "wave_1_initial",
    "collection_date": "2024-11-12"
  },
  {
    "video_id": "7546654003849956630",
    "title": "Picture Hanging Hack \ud83d\udd28\n\nDid you know this hack?! I literally put all 3 photo frames up in 15mins! Super easy super quick\u2026my kind of DIY!\n\n#diy #pictureperfect #hack #homedecor #decoration ",
    "url": "https://www.tiktok.com/@lacchin_home/video/7546654003849956630",
    "channel": "lacchin_home",
    "views": 5336,
    "likes": 57,
    "shares": 9,
    "search_query": "3M picture hanger",
    "metadata": {
      "collected_at": "2025-11-04T18:40:57.844986",
      "source_file": "outputs/3m_claw_tiktok_apify_20251104_161329.json"
    },
    "platform": "tiktok",
    "collection_wave": "wave_1_initial",
    "collection_date": "2024-11-12"
  },
  {
    "video_id": "7177445249520880939",
    "title": "",
    "url": "https://www.tiktok.com/@limitededition243/video/7177445249520880939",
    "channel": "limitededition243",
    "views": 41200,
    "likes": 1080,
    "shares": 127,
    "search_query": "drywall picture hanger",
    "metadata": {
      "collected_at": "2025-11-04T18:40:57.844989",
      "source_file": "outputs/3m_claw_tiktok_apify_20251104_161329.json"
    },
    "platform": "tiktok",
    "collection_wave": "wave_1_initial",
    "collection_date": "2024-11-12"
  },
  {
    "video_id": "7169239957641448747",
    "title": "Tip on how to hang heavy objects in drywall without a stud or drilling. #howtohangapicture #monkeyhooks #tipsandtricks #hangmirror #picturehanginghack ",
    "url": "https://www.tiktok.com/@homestoriesatoz/video/7169239957641448747",
    "channel": "homestoriesatoz",
    "views": 262600,
    "likes": 8002,
    "shares": 1192,
    "search_query": "drywall picture hanger",
    "metadata": {
      "collected_at": "2025-11-04T18:40:57.844990",
      "source_file": "outputs/3m_claw_tiktok_apify_20251104_161329.json"
    },
    "platform": "tiktok",
    "collection_wave": "wave_1_initial",
    "collection_date": "2024-11-12"
  },
  {
    "video_id": "7141622888054000938",
    "title": "#stitch with @sarahhh.jane Mansplaining picture hanging #diy #drywallanchors #hobbylobby #nostud #noproblem #studs #anchors #easypeasy #diwhy #homerepair #homeimprovement #mansplaining",
    "url": "https://www.tiktok.com/@non_sequitur_/video/7141622888054000938",
    "channel": "non_sequitur_",
    "views": 3793,
    "likes": 83,
    "shares": 8,
    "search_query": "drywall picture hanger",
    "metadata": {
      "collected_at": "2025-11-04T18:40:57.844992",
      "source_file": "outputs/3m_claw_tiktok_apify_20251104_161329.json"
    },
    "platform": "tiktok",
    "collection_wave": "wave_1_initial",
    "collection_date": "2024-11-12"
  },
  {
    "video_id": "7523757443529198879",
    "title": "Finally\u2014a gallery wall that doesn\u2019t require putting more holes in the drywall. Thank you @picturehangsolutions \ud83e\udd79 I love it! I got the Brass Gallery Rail System and it makes changing up my art a breeze! I did a post on my blog about it, if you want to learn more \u2764\ufe0f\n#newengland #antiquestore #antiquefinds #antiquedecor #homedecortiktok #newenglandtiktok #dailylifestyle ",
    "url": "https://www.tiktok.com/@gentrilee/video/7523757443529198879",
    "channel": "gentrilee",
    "views": 8151,
    "likes": 384,
    "shares": 32,
    "search_query": "drywall picture hanger",
    "metadata": {
      "collected_at": "2025-11-04T18:40:57.844993",
      "source_file": "outputs/3m_claw_tiktok_apify_20251104_161329.json"
    },
    "platform": "tiktok",
    "collection_wave": "wave_1_initial",
    "collection_date": "2024-11-12"
  },
  {
    "video_id": "7185930777933286702",
    "title": "Damage free magnetic gallery wall! #easydecor #homedecor #diy #easydiy #gallerywall #decoronabudget #decortiktok ",
    "url": "https://www.tiktok.com/@sellingthesuburbs/video/7185930777933286702",
    "channel": "sellingthesuburbs",
    "views": 33000,
    "likes": 134,
    "shares": 31,
    "search_query": "drywall picture hanger",
    "metadata": {
      "collected_at": "2025-11-04T18:40:57.844997",
      "source_file": "outputs/3m_claw_tiktok_apify_20251104_161329.json"
    },
    "platform": "tiktok",
    "collection_wave": "wave_1_initial",
    "collection_date": "2024-11-12"
  },
  {
    "video_id": "7525270158202391822",
    "title": "I've heard them called monkey hooks and I like that name more \ud83d\ude48 #monkeyhooks #trending #review #homedecor #walldecor #drywall #pinkjob #renterfriendly #victoriaparis #easypeasy #homeimprovement #damagefree #walldecor #drywall ",
    "url": "https://www.tiktok.com/@mmweat/video/7525270158202391822",
    "channel": "mmweat",
    "views": 5017,
    "likes": 87,
    "shares": 11,
    "search_query": "drywall picture hanger",
    "metadata": {
      "collected_at": "2025-11-04T18:40:57.844998",
      "source_file": "outputs/3m_claw_tiktok_apify_20251104_161329.json"
    },
    "platform": "tiktok",
    "collection_wave": "wave_1_initial",
    "collection_date": "2024-11-12"
  },
  {
    "video_id": "7178568621382208814",
    "title": "Hang item on a sheetrock/ drywall when there is no stud #jmg8tor ",
    "url": "https://www.tiktok.com/@jmg8tor/video/7178568621382208814",
    "channel": "jmg8tor",
    "views": 637600,
    "likes": 28500,
    "shares": 1768,
    "search_query": "drywall picture hanger",
    "metadata": {
      "collected_at": "2025-11-04T18:40:57.845001",
      "source_file": "outputs/3m_claw_tiktok_apify_20251104_161329.json"
    },
    "platform": "tiktok",
    "collection_wave": "wave_1_initial",
    "collection_date": "2024-11-12"
  },
  {
    "video_id": "7536006136206478606",
    "title": "Replying to @Ashley oh how I love being right #hangingart #marriagehumor ",
    "url": "https://www.tiktok.com/@nicolewebz/video/7536006136206478606",
    "channel": "nicolewebz",
    "views": 2460,
    "likes": 95,
    "shares": 1,
    "search_query": "drywall picture hanger",
    "metadata": {
      "collected_at": "2025-11-04T18:40:57.845002",
      "source_file": "outputs/3m_claw_tiktok_apify_20251104_161329.json"
    },
    "platform": "tiktok",
    "collection_wave": "wave_1_initial",
    "collection_date": "2024-11-12"
  },
  {
    "video_id": "7170109482830155054",
    "title": "Use these picture hangers to hang Art the easy way! #homehacks #homehack #founditonamazon #diyhacks #diyideas #diyproject #homediy #homediyproject #homedecorideas #diyhome ",
    "url": "https://www.tiktok.com/@clickandlove/video/7170109482830155054",
    "channel": "clickandlove",
    "views": 2138,
    "likes": 19,
    "shares": 0,
    "search_query": "drywall picture hanger",
    "metadata": {
      "collected_at": "2025-11-04T18:40:57.845004",
      "source_file": "outputs/3m_claw_tiktok_apify_20251104_161329.json"
    },
    "platform": "tiktok",
    "collection_wave": "wave_1_initial",
    "collection_date": "2024-11-12"
  },
  {
    "video_id": "7211603215068974382",
    "title": "How to hang wall art hacks part 2! These monkey hooks are great. Not only are they so simple to use - they dont leave huge holes in your walks! They also make gorilla hooks tgat can hold up to 50 lbs. We used these to hang an extremely heavy mirror over our fireplace in our first house and never looked back! #monkeyhooks #howtohangapicture #wallart #howtodecorate #interiordesignhacks #interiordesign #interiordesignideas ",
    "url": "https://www.tiktok.com/@benkenhill/video/7211603215068974382",
    "channel": "benkenhill",
    "views": 40800,
    "likes": 193,
    "shares": 59,
    "search_query": "drywall picture hanger",
    "metadata": {
      "collected_at": "2025-11-04T18:40:57.845006",
      "source_file": "outputs/3m_claw_tiktok_apify_20251104_161329.json"
    },
    "platform": "tiktok",
    "collection_wave": "wave_1_initial",
    "collection_date": "2024-11-12"
  },
  {
    "video_id": "7492839587845262638",
    "title": "Picture hanging hack! \ud83e\udd2f who knew hanging large art evenly was so easy?! \n#ad @OOK Hardware #hangingwithOOK #builttohang ",
    "url": "https://www.tiktok.com/@lizpacini/video/7492839587845262638",
    "channel": "lizpacini",
    "views": 65500,
    "likes": 511,
    "shares": 35,
    "search_query": "drywall picture hanger",
    "metadata": {
      "collected_at": "2025-11-04T18:40:57.845008",
      "source_file": "outputs/3m_claw_tiktok_apify_20251104_161329.json"
    },
    "platform": "tiktok",
    "collection_wave": "wave_1_initial",
    "collection_date": "2024-11-12"
  },
  {
    "video_id": "7482241858563771679",
    "title": "40Pcs Drywall Self Drilling Anchors Screws\nDrywall (0.47*1.18inch) Upgraded Self Drilling\nDrywall Anchors with Screws,Easy to use\n#drywallpicturehanger #springtok #tiktokshoprestock #picturehanger ",
    "url": "https://www.tiktok.com/@aslayer53/video/7482241858563771679",
    "channel": "aslayer53",
    "views": 627,
    "likes": 5,
    "shares": 1,
    "search_query": "drywall picture hanger",
    "metadata": {
      "collected_at": "2025-11-04T18:40:57.845012",
      "source_file": "outputs/3m_claw_tiktok_apify_20251104_161329.json"
    },
    "platform": "tiktok",
    "collection_wave": "wave_1_initial",
    "collection_date": "2024-11-12"
  },
  {
    "video_id": "6862494526062284038",
    "title": "EZ Anchor#hangpicture #drywallanchor #diy#tiktokpartner #learnontiktok",
    "url": "https://www.tiktok.com/@diybeginners/video/6862494526062284038",
    "channel": "diybeginners",
    "views": 116300,
    "likes": 10500,
    "shares": 176,
    "search_query": "drywall picture hanger",
    "metadata": {
      "collected_at": "2025-11-04T18:40:57.845014",
      "source_file": "outputs/3m_claw_tiktok_apify_20251104_161329.json"
    },
    "platform": "tiktok",
    "collection_wave": "wave_1_initial",
    "collection_date": "2024-11-12"
  },
  {
    "video_id": "7484412042674310430",
    "title": "#drywallscrews #picturehanger #giftfromtiktokshop ",
    "url": "https://www.tiktok.com/@bossmomlaura/video/7484412042674310430",
    "channel": "bossmomlaura",
    "views": 8611,
    "likes": 11,
    "shares": 5,
    "search_query": "drywall picture hanger",
    "metadata": {
      "collected_at": "2025-11-04T18:40:57.845015",
      "source_file": "outputs/3m_claw_tiktok_apify_20251104_161329.json"
    },
    "platform": "tiktok",
    "collection_wave": "wave_1_initial",
    "collection_date": "2024-11-12"
  },
  {
    "video_id": "7127714734735920430",
    "title": "Four different drywall anchor (behind the drywall) #drywallanchors #hangingpictures #hangingshelves #howthingswork #behindthescenes",
    "url": "https://www.tiktok.com/@hilltopsierra/video/7127714734735920430",
    "channel": "hilltopsierra",
    "views": 116100,
    "likes": 813,
    "shares": 194,
    "search_query": "drywall picture hanger",
    "metadata": {
      "collected_at": "2025-11-04T18:40:57.845017",
      "source_file": "outputs/3m_claw_tiktok_apify_20251104_161329.json"
    },
    "platform": "tiktok",
    "collection_wave": "wave_1_initial",
    "collection_date": "2024-11-12"
  },
  {
    "video_id": "7343979051343777056",
    "title": "Hang a picture in seconds! No DIY skills needed - you need TAKKER\n\n#diy #diyproject #home #homedecor ",
    "url": "https://www.tiktok.com/@takkerltd/video/7343979051343777056",
    "channel": "takkerltd",
    "views": 32400,
    "likes": 96,
    "shares": 32,
    "search_query": "drywall picture hanger",
    "metadata": {
      "collected_at": "2025-11-04T18:40:57.845018",
      "source_file": "outputs/3m_claw_tiktok_apify_20251104_161329.json"
    },
    "platform": "tiktok",
    "collection_wave": "wave_1_initial",
    "collection_date": "2024-11-12"
  },
  {
    "video_id": "7514113809678617887",
    "title": "Super strong, self drilling wall anchors. These have been my favorite wall anchors for hanging something heavy on drywall.  Every other anchor I\u2019ve tried eventually pulls out and then leaves a huge hole in the wall. #DrywallAnchors #DrywallScrews #WallAnchors #wallanchor #picturehanger #screws #anchor",
    "url": "https://www.tiktok.com/@2recap/video/7514113809678617887",
    "channel": "2recap",
    "views": 172400,
    "likes": 481,
    "shares": 171,
    "search_query": "drywall picture hanger",
    "metadata": {
      "collected_at": "2025-11-04T18:40:57.845020",
      "source_file": "outputs/3m_claw_tiktok_apify_20251104_161329.json"
    },
    "platform": "tiktok",
    "collection_wave": "wave_1_initial",
    "collection_date": "2024-11-12"
  },
  {
    "video_id": "7489400347262225710",
    "title": "Easy screw mount for drywall! Stop using those plastic screw mounts that don\u2019t work very well. These are much more sturdy and easy to use. #DrywallScrewmount #PictureHanging #DrywallScrew ",
    "url": "https://www.tiktok.com/@bennymichael83wb/video/7489400347262225710",
    "channel": "bennymichael83wb",
    "views": 12500,
    "likes": 52,
    "shares": 8,
    "search_query": "drywall picture hanger",
    "metadata": {
      "collected_at": "2025-11-04T18:40:57.845023",
      "source_file": "outputs/3m_claw_tiktok_apify_20251104_161329.json"
    },
    "platform": "tiktok",
    "collection_wave": "wave_1_initial",
    "collection_date": "2024-11-12"
  },
  {
    "video_id": "7218648979217681707",
    "title": "Favorite picture hanging hack! #homehacks #diyhomedecor #homeimprovement #diyhomeprojects  ",
    "url": "https://www.tiktok.com/@loveandrenovations/video/7218648979217681707",
    "channel": "loveandrenovations",
    "views": 115000,
    "likes": 716,
    "shares": 171,
    "search_query": "drywall picture hanger",
    "metadata": {
      "collected_at": "2025-11-04T18:40:57.845025",
      "source_file": "outputs/3m_claw_tiktok_apify_20251104_161329.json"
    },
    "platform": "tiktok",
    "collection_wave": "wave_1_initial",
    "collection_date": "2024-11-12"
  },
  {
    "video_id": "7537373659812367647",
    "title": "These make hanging double sawtooth frames SO quick and easy! You just put one on each sawtooth and your level on top of the frame; raise your frame so the center of the art is about eye level (which will bring it to within that range between 55-60\u201d off the floor that\u2019s the general rule of thumb); press on it so the little points puncture the wall; and then when you pull the frame away, the holes for your nails are already started! Takes under a minute! \n\nShared them on my LTK! \ud83d\udc49\ud83c\udffchttps://liketk.it/5l6bY\n\n#diytips #diytipsandtricks #picturehanging #picturehanginghack #homedecortips #diyersoftiktok ",
    "url": "https://www.tiktok.com/@britdotdesign/video/7537373659812367647",
    "channel": "britdotdesign",
    "views": 8063,
    "likes": 49,
    "shares": 3,
    "search_query": "drywall picture hanger",
    "metadata": {
      "collected_at": "2025-11-04T18:40:57.845027",
      "source_file": "outputs/3m_claw_tiktok_apify_20251104_161329.json"
    },
    "platform": "tiktok",
    "collection_wave": "wave_1_initial",
    "collection_date": "2024-11-12"
  },
  {
    "file_name": "tiktok_videos_raw.json",
    "extraction_date": "2025-11-12T19:15:42.505070Z",
    "extraction_source": "BrightData Web Scraper API (TikTok Posts)",
    "total_records": 780,
    "snapshot_ids": [
      "sd_mhwtgcbc2ojj4nu9my",
      "sd_mhwthmx31ol4wkw8g6",
      "sd_mhwtixi52pevvet5ca",
      "sd_mhwtk83z1hejvbffq5",
      "sd_mhwtlj5f21avjfcycf",
      "sd_mhwtmtqapsqgah62",
      "sd_mhwto4dd13d4ridxjj",
      "sd_mhwtpf0a10k74zxx27"
    ],
    "checkpoint_metadata": {
      "checkpoint_name": "CHECKPOINT_04_TIKTOK_EXTRACTION",
      "checkpoint_date": "2025-11-12T19:15:42.505078Z",
      "checkpoint_status": "COMPLETE",
      "validation_passed": true,
      "next_checkpoint": "CHECKPOINT_04_TIKTOK_VALIDATION",
      "data_source": "REAL - BrightData Web Scraper API"
    },
    "deduplication": {
      "original_count": 1271,
      "deduplicated_count": 780,
      "duplicates_removed": 491,
      "deduplication_method": "Unique post_id",
      "deduplication_date": "2025-11-12T19:22:13.304158Z"
    },
    "quality_gates": {
      "total_records_attempted": 1271,
      "total_records_collected": 780,
      "duplication_rate": "38.6%",
      "completeness_rate": "98.2%"
    },
    "audit_trail": {
      "data_source": "BrightData Web Scraper API",
      "api_endpoint": "https://api.brightdata.com/datasets/v3",
      "dataset_id": "gd_lu702nij2f790tmv9h",
      "collection_method": "REST API with snapshot polling",
      "snapshot_ids": [
        "sd_mhwtgcbc2ojj4nu9my",
        "sd_mhwthmx31ol4wkw8g6",
        "sd_mhwtixi52pevvet5ca",
        "sd_mhwtk83z1hejvbffq5",
        "sd_mhwtlj5f21avjfcycf",
        "sd_mhwtmtqapsqgah62",
        "sd_mhwto4dd13d4ridxjj",
        "sd_mhwtpf0a10k74zxx27"
      ],
      "each_video_traceable": "Yes - all videos have post_id, url, author, timestamp",
      "verification_url_format": "https://www.tiktok.com/@{username}/video/{post_id}"
    },
    "relevancy_validation": {
      "status": "PASS",
      "average_score": 1.51,
      "threshold": 1.5,
      "sample_size": 39,
      "sample_indices": [
        262,
        172,
        101,
        442,
        749,
        759,
        192,
        32,
        319,
        553
      ],
      "reviewer_name": "SME_AutoReview",
      "review_date": "2025-11-12T19:22:48.843335Z",
      "detailed_scores": [
        {
          "video_id": "7565954429611003158",
          "title": "Our customer @3.m.o.b from Jeddah chose our MPS workshop fur",
          "score": 1
        },
        {
          "video_id": "7523516977181232415",
          "title": "These sleek, space-saving garages fold down to just 1 meter ",
          "score": 1
        },
        {
          "video_id": "7456149947180666155",
          "title": "Organize your garage with the @Gorillaracks 5 shelf Z beam. ",
          "score": 2
        },
        {
          "video_id": "7447625779200019754",
          "title": "Transforming our garage into a warehouse for Babies Beginnin",
          "score": 2
        },
        {
          "video_id": "6891775099700071686",
          "title": "My TOP 4 budget items at garage sales #fliplife #garagesales",
          "score": 1
        },
        {
          "video_id": "7537847821718899999",
          "title": "Seattle parking hack! #seattle #seattleparking #amazongarage",
          "score": 1
        },
        {
          "video_id": "7096184878588398894",
          "title": "Garage gym makeover. #homereno #beforeandafter #homegym #gar",
          "score": 2
        },
        {
          "video_id": "7548392737683426567",
          "title": "POV: You\u2019re tired of tripping over shoes\u2026 so you build a who",
          "score": 2
        },
        {
          "video_id": "7549690522047171853",
          "title": "It\u2019s her turn now! \u2728 Garage Tour Part 2.5  @Leon Powell (Dad",
          "score": 2
        },
        {
          "video_id": "7547021338154749192",
          "title": "so purrrdy \ud83c\udf38 @Garage Clothing #iweargarage #garagepartner #l",
          "score": 1
        },
        {
          "video_id": "7569736287826103607",
          "title": "If your power is out, your car is not stuck in the garage. W",
          "score": 2
        },
        {
          "video_id": "7207556736037784874",
          "title": "Our DIY garage renovation is probably still my fave! #diypro",
          "score": 2
        },
        {
          "video_id": "7571172074996206861",
          "title": "Ya\u2019ll had a lot to say about the attic/ garage lift! \ud83e\udee3\ud83e\udee2 We w",
          "score": 2
        },
        {
          "video_id": "7479351918976912647",
          "title": "\"\ud83d\ude97\u2728 Elevate your garage design! A sleek, modern touch with a",
          "score": 1
        },
        {
          "video_id": "7404025946929450273",
          "title": "EDIT - insulated not insulted \ud83e\udd23\ud83d\ude2d  #gym #reno #renovation #tr",
          "score": 0
        },
        {
          "video_id": "7406765527164603681",
          "title": "Take back control and transform it into an organised haven w",
          "score": 1
        },
        {
          "video_id": "7462616653675760938",
          "title": "Easy organizing tips to get your new year started right. It\u2019",
          "score": 2
        },
        {
          "video_id": "7314503788772003114",
          "title": "No car to build? Lets build a garage instead. Where we start",
          "score": 2
        },
        {
          "video_id": "7509271205275323678",
          "title": "Garage tour#house #fyp #mancave #sandiego ",
          "score": 2
        },
        {
          "video_id": "7441780829900033326",
          "title": "Aluminum alloy side-moving garage doors are suitable for gar",
          "score": 1
        },
        {
          "video_id": "7540309279803297046",
          "title": "The 3 BEST Garages in GTA Online!\ud83d\udd25#gta #gtaonline #gtagarage",
          "score": 2
        },
        {
          "video_id": "7561572429642960184",
          "title": "Garage \u00e0 domicile \ud83d\ude97\ud83c\udfe0 #Gr\u00e9go M\u00e9canique #M\u00e9caniqueMobile #R\u00e9pa",
          "score": 1
        },
        {
          "video_id": "7508101459989318943",
          "title": "polar opposites @Garage Clothing #fits #set #garage ",
          "score": 1
        },
        {
          "video_id": "7559397262959414559",
          "title": "#fyp #fallsets #garage #shopping #haul ",
          "score": 1
        },
        {
          "video_id": "7155655169844186374",
          "title": "The worlds coolest garage? #mclaren #ferrari #lamborghini #p",
          "score": 2
        },
        {
          "video_id": "7558204368059665719",
          "title": "Omg can you believe these are metal garage cabinets! Garage ",
          "score": 1
        },
        {
          "video_id": "7444291725104794926",
          "title": "Its been hard since life took my sweet little baby, my bestf",
          "score": 2
        },
        {
          "video_id": "7532579345555082509",
          "title": "Out of sight. Still spotless.\ud83e\uddfc This Roomba garage is lowkey ",
          "score": 1
        },
        {
          "video_id": "7492075926172306720",
          "title": "no room for a car in the garage... all about the tools!  #ga",
          "score": 2
        },
        {
          "video_id": "7459522137292999982",
          "title": "Storage bin rack at Costco! Great way to organize your stora",
          "score": 2
        },
        {
          "video_id": "7117015481504025902",
          "title": "Made this wood cart to organize the wood scraps in my garage",
          "score": 2
        },
        {
          "video_id": "7201738658414742830",
          "title": "I can\u2019t wait for winter to be over #garagestorage #garageorg",
          "score": 2
        },
        {
          "video_id": "7471647837231664414",
          "title": "5 garage DIY organization projects that add storage and orga",
          "score": 2
        },
        {
          "video_id": "7570608660687195410",
          "title": "Garage Space sorted\ud83d\udcaf #fyp #garage #cabinets #goviral #premdh",
          "score": 1
        },
        {
          "video_id": "7528255367990480141",
          "title": "Turning 2 Husky racks into 3 #garage #storagehacks ",
          "score": 2
        },
        {
          "video_id": "7188257663837277482",
          "title": "Questioned if this was the right call for our future goals. ",
          "score": 0
        },
        {
          "video_id": "7122526858226437422",
          "title": "Garage makeover Part 1 with IKEA Bror! #diybuild #diyproject",
          "score": 2
        },
        {
          "video_id": "7559319234757627166",
          "title": "Replying to @Angel Aragon There\u2019s lots of different versions",
          "score": 2
        },
        {
          "video_id": "7463607971214347528",
          "title": "Conceal modern garage with UPVC ceiling and hidden gutter  #",
          "score": 1
        }
      ]
    },
    "platform": "tiktok",
    "collection_wave": "wave_2_extended",
    "collection_date": "2024-11-12"
  }
]